{
  "results": [
    {
      "command": "scalar",
      "mean": 0.17251965089333338,
      "stddev": 0.0011211660263364264,
      "median": 0.17224140066000002,
      "user": 0.1689816866666666,
      "system": 0.0028366266666666673,
      "min": 0.17129662966,
      "max": 0.17611950566,
      "times": [
        0.17129662966,
        0.17611950566,
        0.17198525566000003,
        0.17146800466,
        0.17161887966000003,
        0.17229883866,
        0.17378658866000002,
        0.17209933866000002,
        0.17216325566000001,
        0.17289112966000003,
        0.17222137966,
        0.17161979666000002,
        0.17232954666000003,
        0.17309671366,
        0.17281104666000002,
        0.17280229666000002,
        0.17170550466,
        0.17358646366000002,
        0.17270267166000003,
        0.17135204666,
        0.17226142166000002,
        0.17190508866,
        0.17198033766,
        0.17174383766,
        0.17254200566000003,
        0.17209583866000003,
        0.17256267166000003,
        0.17590167166,
        0.17245054666,
        0.17219121366
      ],
      "memory_usage_byte": [
        37076992,
        37076992,
        37076992,
        37076992,
        37076992,
        37076992,
        37076992,
        37076992,
        37076992,
        37076992,
        37076992,
        37076992,
        37076992,
        37076992,
        37076992,
        37076992,
        37076992,
        37076992,
        37076992,
        37076992,
        37076992,
        37076992,
        37076992,
        37076992,
        37076992,
        37076992,
        37076992,
        37076992,
        37076992,
        37076992
      ],
      "exit_codes": [
        0,
        0,
        0,
        0,
        0,
        0,
        0,
        0,
        0,
        0,
        0,
        0,
        0,
        0,
        0,
        0,
        0,
        0,
        0,
        0,
        0,
        0,
        0,
        0,
        0,
        0,
        0,
        0,
        0,
        0
      ]
    },
    {
      "command": "neon",
      "mean": 0.07459504452842106,
      "stddev": 0.0009726211515818986,
      "median": 0.07440152566000001,
      "user": 0.07126363052631579,
      "system": 0.002646186315789474,
      "min": 0.07324717166000001,
      "max": 0.07775204666000002,
      "times": [
        0.07484700466000001,
        0.07449133866000002,
        0.07443596366,
        0.07427829666,
        0.07720433866000001,
        0.07396933766000001,
        0.07457996366000001,
        0.07490325466000002,
        0.07775204666000002,
        0.07354608766000001,
        0.07425079666,
        0.07554658766000001,
        0.07441992166000001,
        0.07346542166000002,
        0.07438312966,
        0.07346704666000001,
        0.07418488066000001,
        0.07421575466000001,
        0.07444579666000001,
        0.07407313066000001,
        0.07463054666,
        0.07417162966000002,
        0.07409638066000002,
        0.07393400566000001,
        0.07324717166000001,
        0.07408154666000001,
        0.07383046366000001,
        0.07449233866000002,
        0.07572662966000002,
        0.07566258866000002,
        0.07571750566000002,
        0.07501537966,
        0.07371317166000001,
        0.07493608866000001,
        0.07388542166,
        0.07637129666000002,
        0.07452250566000002,
        0.07411692166000002
      ],
      "memory_usage_byte": [
        37076992,
        37076992,
        37076992,
        37076992,
        37076992,
        37076992,
        37076992,
        37076992,
        37076992,
        37076992,
        37076992,
        37076992,
        37076992,
        37076992,
        37076992,
        37076992,
        37076992,
        37076992,
        37076992,
        37076992,
        37076992,
        37076992,
        37076992,
        37076992,
        37076992,
        37076992,
        37076992,
        37076992,
        37076992,
        37076992,
        37076992,
        37076992,
        37076992,
        37076992,
        37076992,
        37076992,
        37076992,
        37076992
      ],
      "exit_codes": [
        0,
        0,
        0,
        0,
        0,
        0,
        0,
        0,
        0,
        0,
        0,
        0,
        0,
        0,
        0,
        0,
        0,
        0,
        0,
        0,
        0,
        0,
        0,
        0,
        0,
        0,
        0,
        0,
        0,
        0,
        0,
        0,
        0,
        0,
        0,
        0,
        0,
        0
      ]
    },
    {
      "command": "optim",
      "mean": 0.05837415038340425,
      "stddev": 0.0019112173957535747,
      "median": 0.05778487966,
      "user": 0.05435963276595745,
      "system": 0.003065308936170212,
      "min": 0.05586579666,
      "max": 0.06297067166,
      "times": [
        0.05983050466,
        0.058162130660000005,
        0.05663162966,
        0.05718954666,
        0.060795005660000005,
        0.05898550466,
        0.057100629660000006,
        0.057462213660000004,
        0.05705254666,
        0.05721417166,
        0.05586579666,
        0.05778487966,
        0.057014005660000006,
        0.057039754660000004,
        0.057195796660000006,
        0.05712075466,
        0.057220254660000004,
        0.05617542166,
        0.05641242166,
        0.056439838660000005,
        0.05701258766,
        0.05634275566,
        0.056243796660000005,
        0.05704837966,
        0.057320338660000004,
        0.057090046660000004,
        0.059158879660000004,
        0.059321421660000005,
        0.06297067166,
        0.057951004660000006,
        0.06074633866,
        0.05992192166000001,
        0.05824217166,
        0.05796900566,
        0.057254712660000005,
        0.060452462660000005,
        0.058367838660000004,
        0.06241517166,
        0.058185296660000003,
        0.061117671660000004,
        0.05991783866000001,
        0.05719617166,
        0.058390130660000004,
        0.057843171660000005,
        0.06161937966000001,
        0.06209092166,
        0.06270217166000001
      ],
      "memory_usage_byte": [
        37076992,
        37076992,
        37076992,
        37076992,
        37076992,
        37076992,
        37076992,
        37076992,
        37076992,
        37076992,
        37076992,
        37076992,
        37076992,
        37076992,
        37076992,
        37076992,
        37076992,
        37076992,
        37076992,
        37076992,
        37076992,
        37076992,
        37076992,
        37076992,
        37076992,
        37076992,
        37076992,
        37076992,
        37076992,
        37076992,
        37076992,
        37076992,
        37076992,
        37076992,
        37076992,
        37076992,
        37076992,
        37076992,
        37076992,
        37076992,
        37076992,
        37076992,
        37076992,
        37076992,
        37076992,
        37076992,
        37076992
      ],
      "exit_codes": [
        0,
        0,
        0,
        0,
        0,
        0,
        0,
        0,
        0,
        0,
        0,
        0,
        0,
        0,
        0,
        0,
        0,
        0,
        0,
        0,
        0,
        0,
        0,
        0,
        0,
        0,
        0,
        0,
        0,
        0,
        0,
        0,
        0,
        0,
        0,
        0,
        0,
        0,
        0,
        0,
        0,
        0,
        0,
        0,
        0,
        0,
        0
      ]
    },
    {
      "command": "clang",
      "mean": 0.12273038416000004,
      "stddev": 0.00613263167429037,
      "median": 0.12153162966000002,
      "user": 0.11894611999999999,
      "system": 0.002982326666666667,
      "min": 0.11978225566000002,
      "max": 0.15485621366000002,