{
  "results": [
    {
      "command": "scalar",
      "mean": 0.15593791158,
      "stddev": 0.0022809974730543317,
      "median": 0.15694731528000003,
      "user": 0.15224123333333334,
      "system": 0.002950513333333333,
      "min": 0.14959623278000003,
      "max": 0.15835014978000003,
      "times": [
        0.15743385678000002,
        0.15226806578000002,
        0.15835014978000003,
        0.15768119078000004,
        0.15751514978000003,
        0.15766439878000002,
        0.15771969078000003,
        0.15753985778000001,
        0.15775206578000003,
        0.15207448278000002,
        0.15685694078000004,
        0.15717506578,
        0.15776298278000003,
        0.15259769078000002,
        0.15750756578000003,
        0.15482452378000003,
        0.15594327378000003,
        0.15234944078,
        0.15661881578000003,
        0.15628448278,
        0.15690885678000002,
        0.15603189878,
        0.15655719078000002,
        0.15698831578000003,
        0.14959623278000003,
        0.15291977378000002,
        0.15698577378000003,
        0.15350852378000002,
        0.15752744078000003,
        0.15719364878000003
      ],
      "memory_usage_byte": [
        36995072,
        36995072,
        36995072,
        36995072,
        36995072,
        36995072,
        36995072,
        36995072,
        36995072,
        36995072,
        36995072,
        36995072,
        36995072,
        36995072,
        36995072,
        36995072,
        36995072,
        36995072,
        36995072,
        36995072,
        36995072,
        36995072,
        36995072,
        36995072,
        36995072,
        36995072,
        36995072,
        36995072,
        36995072,
        36995072
      ],
      "exit_codes": [
        0,
        0,
        0,
        0,
        0,
        0,
        0,
        0,
        0,
        0,
        0,
        0,
        0,
        0,
        0,
        0,
        0,
        0,
        0,
        0,
        0,
        0,
        0,
        0,
        0,
        0,
        0,
        0,
        0,
        0
      ]
    },
    {
      "command": "neon",
      "mean": 0.06001554807787235,
      "stddev": 0.002287365454171903,
      "median": 0.059694356780000006,
      "user": 0.05627563191489362,
      "system": 0.0028690799999999995,
      "min": 0.05830864878000001,
      "max": 0.07471273178,
      "times": [
        0.05985877378,
        0.06012352478000001,
        0.05962810778,
        0.06033514878,
        0.05977923178,
        0.05950806578,
        0.06002519078,
        0.059265982780000004,
        0.06017856578,
        0.06193752378,
        0.06045356578000001,
        0.05976831578,
        0.06030306578,
        0.05936014978,
        0.07471273178,
        0.06012444078000001,
        0.059605732780000004,
        0.05916181578,
        0.06009489978,
        0.05997335778,
        0.059329524780000004,
        0.06029856578000001,
        0.06016156578000001,
        0.05994819078000001,
        0.059232731780000006,
        0.060277690780000004,
        0.06076264878,
        0.06004810778,
        0.059539815780000005,
        0.05964906578,
        0.059694356780000006,
        0.05963377478,
        0.058560732780000006,
        0.06037523278000001,
        0.05934748278,
        0.05904798178,
        0.05960006578,
        0.058491065780000004,
        0.058439399780000005,
        0.059629606780000004,
        0.05887914878,
        0.05936831578000001,
        0.05953844078000001,
        0.05830864878000001,
        0.059914815780000005,
        0.05986519078000001,
        0.05859039978
      ],
      "memory_usage_byte": [
        36995072,
        36995072,
        36995072,
        36995072,
        36995072,
        36995072,
        36995072,
        36995072,
        36995072,
        36995072,
        36995072,
        36995072,
        36995072,
        36995072,
        36995072,
        36995072,
        36995072,
        36995072,
        36995072,
        36995072,
        36995072,
        36995072,
        36995072,
        36995072,
        36995072,
        36995072,
        36995072,
        36995072,
        36995072,
        36995072,
        36995072,
        36995072,
        36995072,
        36995072,
        36995072,
        36995072,
        36995072,
        36995072,
        36995072,
        36995072,
        36995072,
        36995072,
        36995072,
        36995072,
        36995072,
        36995072,
        36995072
      ],
      "exit_codes": [
        0,
        0,
        0,
        0,
        0,
        0,
        0,
        0,
        0,
        0,
        0,
        0,
        0,
        0,
        0,
        0,
        0,
        0,
        0,
        0,
        0,
        0,
        0,
        0,
        0,
        0,
        0,
        0,
        0,
        0,
        0,
        0,
        0,
        0,
        0,
        0,
        0,
        0,
        0,
        0,
        0,
        0,
        0,
        0,
        0,
        0,
        0
      ]
    }
  ]
}
