{
  "results": [
    {
      "command": "scalar",
      "mean": 0.30304007262,
      "stddev": 0.002013616221047052,
      "median": 0.30216597642,
      "user": 0.30020963333333334,
      "system": 0.0019081866666666664,
      "min": 0.30069222742,
      "max": 0.30973543542,
      "times": [
        0.30154851842,
        0.30128426842,
        0.30155197742,
        0.30207218542000003,
        0.30207126842,
        0.30356160242,
        0.30199847642,
        0.30245901842,
        0.30446301842,
        0.30257310142,
        0.30220351842,
        0.30169151842,
        0.30144731042,
        0.30212843442,
        0.30211881042,
        0.30167743442,
        0.30181522642,
        0.30069222742,
        0.30233431042000003,
        0.30222364342,
        0.30201060242,
        0.30208022642,
        0.30364447742,
        0.30381897642,
        0.30612722642,
        0.30973543542,
        0.30632722642,
        0.30388064342,
        0.30458943442,
        0.30707206042
      ],
      "memory_usage_byte": [
        5537792,
        5537792,
        5537792,
        5537792,
        5537792,
        5537792,
        5537792,
        5537792,
        5537792,
        5537792,
        5537792,
        5537792,
        5537792,
        5537792,
        5537792,
        5537792,
        5537792,
        5537792,
        5537792,
        5537792,
        5537792,
        5537792,
        5537792,
        5537792,
        5537792,
        5537792,
        5537792,
        5537792,
        5537792,
        5537792
      ],
      "exit_codes": [
        0,
        0,
        0,
        0,
        0,
        0,
        0,
        0,
        0,
        0,
        0,
        0,
        0,
        0,
        0,
        0,
        0,
        0,
        0,
        0,
        0,
        0,
        0,
        0,
        0,
        0,
        0,
        0,
        0,
        0
      ]
    },
    {
      "command": "neon",
      "mean": 0.07209808604500001,
      "stddev": 0.0008101950413178834,
      "median": 0.07183185142000001,
      "user": 0.07037867499999996,
      "system": 0.0011048199999999998,
      "min": 0.07102951842,
      "max": 0.07408110142,
      "times": [
        0.07128385242,
        0.07214231042000001,
        0.07208035142000001,
        0.07199256042,
        0.07262555942,
        0.07192143542,
        0.07225918442000001,
        0.07141239342,
        0.07408110142,
        0.07307856042000001,
        0.07372235142,
        0.07324526842000001,
        0.07300201842000001,
        0.07275439342000001,
        0.07297610242000001,
        0.07184430942,
        0.07302718442,
        0.07293239342,
        0.07181939342,
        0.07172743442,
        0.07177305942000001,
        0.07168939342000001,
        0.07174181042000001,
        0.07132960142,
        0.07140635242,
        0.07164405942,
        0.07126193442,
        0.07123722642000001,
        0.07130131042,
        0.07134526842000001,
        0.07132047642,
        0.07159601842,
        0.07124672642,
        0.07117131042000001,
        0.07102951842,
        0.07260906042000001,
        0.07356022642,
        0.07307993542,
        0.07186385142,
        0.07178814342
      ],
      "memory_usage_byte": [
        5537792,
        5537792,
        5537792,
        5537792,
        5537792,
        5537792,
        5537792,
        5537792,
        5537792,
        5537792,
        5537792,
        5537792,
        5537792,
        5537792,
        5537792,
        5537792,
        5537792,
        5537792,
        5537792,
        5537792,
        5537792,
        5537792,
        5537792,
        5537792,
        5537792,
        5537792,
        5537792,
        5537792,
        5537792,
        5537792,
        5537792,
        5537792,
        5537792,
        5537792,
        5537792,
        5537792,
        5537792,
        5537792,
        5537792,
        5537792
      ],
      "exit_codes": [
        0,
        0,
        0,
        0,
        0,
        0,
        0,
        0,
        0,
        0,
        0,
        0,
        0,
        0,
        0,
        0,
        0,
        0,
        0,
        0,
        0,
        0,
        0,
        0,
        0,
        0,
        0,
        0,
        0,
        0,
        0,
        0,
        0,
        0,
        0,
        0,
        0,
        0,
        0,
        0
      ]
    },
    {
      "command": "optim",
      "mean": 0.02433025632,
      "stddev": 0.0002496316348659608,
      "median": 0.024303434920000005,
      "user": 0.023104827272727273,
      "system": 0.0007668018181818179,
      "min": 0.023731809420000007,
      "max": 0.025165976420000007,