{
  "results": [
    {
      "command": "scalar",
      "mean": 0.15565793314666668,
      "stddev": 0.0033592133669270823,
      "median": 0.15691953708,
      "user": 0.15143374666666667,
      "system": 0.0031036066666666664,
      "min": 0.14901941208,
      "max": 0.16073432908,
      "times": [
        0.15709237008,
        0.15726266208,
        0.14976370408,
        0.15735512008,
        0.15116257908,
        0.15221424508,
        0.15733016208,
        0.15724782907999998,
        0.14901941208,
        0.16073432908,
        0.16039287108,
        0.15288128707999998,
        0.15620570408,
        0.15129678808,
        0.15240016207999998,
        0.15677049508,
        0.15254828707999998,
        0.15342403708,
        0.15706857908,
        0.15630820407999999,
        0.15993395408,
        0.16020182908,
        0.15193432907999999,
        0.15734862108,
        0.15367578808,
        0.15853320408,
        0.15382612008,
        0.15977762108,
        0.15824503707999998,
        0.15778266308
      ],
      "memory_usage_byte": [
        36978688,
        36978688,
        36978688,
        36978688,
        36978688,
        36978688,
        36978688,
        36978688,
        36978688,
        36978688,
        36978688,
        36978688,
        36978688,
        36978688,
        36978688,
        36978688,
        36978688,
        36978688,
        36978688,
        36978688,
        36978688,
        36978688,
        36978688,
        36978688,
        36978688,
        36978688,
        36978688,
        36978688,
        36978688,
        36978688
      ],
      "exit_codes": [
        0,
        0,
        0,
        0,
        0,
        0,
        0,
        0,
        0,
        0,
        0,
        0,
        0,
        0,
        0,
        0,
        0,
        0,
        0,
        0,
        0,
        0,
        0,
        0,
        0,
        0,
        0,
        0,
        0,
        0
      ]
    },
    {
      "command": "neon",
      "mean": 0.06267829574666667,
      "stddev": 0.005846887585743881,
      "median": 0.060894829080000004,
      "user": 0.05819112444444443,
      "system": 0.0031238066666666657,
      "min": 0.058906370080000006,
      "max": 0.09322774608,
      "times": [
        0.06401191208000001,
        0.06109357908,
        0.06053545408000001,
        0.06028574608000001,
        0.060161621080000005,
        0.05900820408,
        0.060825246080000006,
        0.06320670408000001,
        0.05954316208,
        0.06018487108000001,
        0.06012495408,
        0.059846037080000004,
        0.06032587008000001,
        0.059306079080000004,
        0.05928003708000001,
        0.05998487008,
        0.05944957908,
        0.09322774608,
        0.06033720408,
        0.05959607908,
        0.06115182908000001,
        0.06142020408,
        0.06210712108000001,
        0.07342341308,
        0.06236924608000001,
        0.06267062008,
        0.06286728808,
        0.06249353808000001,
        0.06012212008000001,
        0.06127374608000001,
        0.07090737008,
        0.060894829080000004,
        0.06051062108000001,
        0.06113099608,
        0.06307078708000001,
        0.06083999608,
        0.060213454080000006,
        0.06003666208000001,
        0.058906370080000006,
        0.07320124608,
        0.06266174508000001,
        0.061266954080000005,
        0.062326621080000005,
        0.07220495408000001,
        0.062116621080000003
      ],
      "memory_usage_byte": [
        36978688,
        36978688,
        36978688,
        36978688,
        36978688,
        36978688,
        36978688,
        36978688,
        36978688,
        36978688,
        36978688,
        36978688,
        36978688,
        36978688,
        36978688,
        36978688,
        36978688,
        36978688,
        36978688,
        36978688,
        36978688,
        36978688,
        36978688,
        36978688,
        36978688,
        36978688,
        36978688,
        36978688,
        36978688,
        36978688,
        36978688,
        36978688,
        36978688,
        36978688,
        36978688,
        36978688,
        36978688,
        36978688,
        36978688,
        36978688,
        36978688,
        36978688,
        36978688,
        36978688,
        36978688
      ],
      "exit_codes": [
        0,
        0,
        0,
        0,
        0,
        0,
        0,
        0,
        0,
        0,
        0,
        0,
        0,
        0,
        0,
        0,
        0,
        0,
        0,
        0,
        0,
        0,
        0,
        0,
        0,
        0,
        0,
        0,
        0,
        0,
        0,
        0,
        0,
        0,
        0,
        0,
        0,
        0,
        0,
        0,
        0,
        0,
        0,
        0,
        0
      ]
    },
    {
      "command": "optim",
      "mean": 0.06569606399489362,
      "stddev": 0.007398928606028246,
      "median": 0.06378866208,
      "user": 0.061127603404255305,
      "system": 0.0031660804255319156,
      "min": 0.05960307908,
      "max": 0.09873007908,
      "times": [
        0.06066412108000001,
        0.060757329080000005,
        0.06172074608,
        0.05960307908,
        0.05997682908,
        0.06839991208,
        0.06214837108,
        0.09469662008,
        0.060675413080000004,
        0.07355428708,
        0.06382482908,
        0.06031762108000001,
        0.06114603708000001,
        0.06108782908,
        0.06602316208,
        0.06274807908,
        0.06366470408000001,
        0.06515074508,
        0.06700916308,
        0.06636366208000001,
        0.06974287008,
        0.06940457908,
        0.07296057908,
        0.06772953808,
        0.06410882908,
        0.09873007908,
        0.06266587008,
        0.06168407908000001,
        0.06116345408,
        0.06235249508,
        0.06312745408,
        0.06378866208,
        0.06707003708,
        0.06476253808,
        0.06479582908,
        0.06572728708,
        0.06562207908,
        0.06663016308,
        0.06423720408,
        0.06304849608,
        0.06215462108,
        0.06279395408,
        0.06298066208,
        0.06237612108,
        0.07127862108000001,
        0.06512132908,
        0.06212503708
      ],
      "memory_usage_byte": [
        36978688,
        36978688,
        36978688,
        36978688,
        36978688,
        36978688,
        36978688,
        36978688,
        36978688,
        36978688,
        36978688,
        36978688,
        36978688,
        36978688,
        36978688,
        36978688,
        36978688,
        36978688,
        36978688,
        36978688,
        36978688,
        36978688,
        36978688,
        36978688,
        36978688,
        36978688,
        36978688,
        36978688,
        36978688,
        36978688,
        36978688,
        36978688,
        36978688,
        36978688,
        36978688,
        36978688,
        36978688,
        36978688,
        36978688,
        36978688,
        36978688,
        36978688,
        36978688,
        36978688,
        36978688,
        36978688,
        36978688
      ],
      "exit_codes": [
        0,
        0,
        0,
        0,
        0,
        0,
        0,
        0,
        0,
        0,
        0,
        0,
        0,
        0,
        0,
        0,
        0,
        0,
        0,
        0,
        0,
        0,
        0,
        0,
        0,
        0,
        0,
        0,
        0,
        0,
        0,
        0,
        0,
        0,
        0,
        0,
        0,
        0,
        0,
        0,
        0,
        0,
        0,
        0,
        0,
        0,
        0
      ]
    },
    {
      "command": "clang",
      "mean": 0.06452873015499999,
      "stddev": 0.0033624721043033845,
      "median": 0.06380972558,
      "user": 0.05952875499999999,
      "system": 0.0035456400000000005,
      "min": 0.059798079080000004,