{
  "results": [
    {
      "command": "scalar",
      "mean": 0.11997674224666668,
      "stddev": 0.0018140139542868285,
      "median": 0.11995088638000001,
      "user": 0.11644522666666665,
      "system": 0.0026031199999999996,
      "min": 0.11715107388000001,
      "max": 0.12425003288000001,
      "times": [
        0.12031540788000002,
        0.12102257488000001,
        0.11950528188000001,
        0.11884728288000002,
        0.12094115688000001,
        0.11837315788000001,
        0.11810611588000001,
        0.11715107388000001,
        0.12223924088,
        0.11985024088000001,
        0.12425003288000001,
        0.12029353288000001,
        0.12014365688000002,
        0.11831453288000002,
        0.11843432388000001,
        0.12206574088000001,
        0.12046140788000001,
        0.12180724088000001,
        0.12005153188,
        0.11929586588000002,
        0.11790449088000002,
        0.11743265688000001,
        0.11882911588000002,
        0.11717274088000001,
        0.11935453288000002,
        0.12376661588,
        0.11961503288000001,
        0.12052307388000001,
        0.12188536588000001,
        0.12134924088000001
      ],
      "memory_usage_byte": [
        21069824,
        21069824,
        21069824,
        21069824,
        21069824,
        21069824,
        21069824,
        21069824,
        21069824,
        21069824,
        21069824,
        21069824,
        21069824,
        21069824,
        21069824,
        21069824,
        21069824,
        21069824,
        21069824,
        21069824,
        21069824,
        21069824,
        21069824,
        21069824,
        21069824,
        21069824,
        21069824,
        21069824,
        21069824,
        21069824
      ],
      "exit_codes": [
        0,
        0,
        0,
        0,
        0,
        0,
        0,
        0,
        0,
        0,
        0,
        0,
        0,
        0,
        0,
        0,
        0,
        0,
        0,
        0,
        0,
        0,
        0,
        0,
        0,
        0,
        0,
        0,
        0,
        0
      ]
    },
    {
      "command": "neon",
      "mean": 0.030520219410120474,
      "stddev": 0.0008801370462265791,
      "median": 0.03023757388,
      "user": 0.02791870578313253,
      "system": 0.0018621031325301211,
      "min": 0.02941807488,
      "max": 0.03312194988,
      "times": [
        0.03295449088,
        0.031016781880000004,
        0.031318115880000004,
        0.03269565788,
        0.03126811588,
        0.03143365788,
        0.030366532879999998,
        0.03063157388,
        0.03129211588,
        0.03010840788,
        0.03137844988,
        0.029743407880000003,
        0.029850990879999997,
        0.03305049088,
        0.03312194988,
        0.03152057488,
        0.03195557388,
        0.03269311588,
        0.03041365688,
        0.032112740880000004,
        0.03125211588,
        0.03130849088,
        0.030548615879999998,
        0.030205282880000003,
        0.030360824879999998,
        0.03171136588,
        0.03030815788,
        0.03151269888,
        0.030441032880000003,
        0.03133749088,
        0.03126324088,
        0.03032678288,
        0.030361698880000003,
        0.02969453288,
        0.030112949880000003,
        0.03029282488,
        0.029838324880000003,
        0.03008224088,
        0.03014649088,
        0.03033824088,
        0.03011849088,
        0.03010507388,
        0.03019349088,
        0.02948619988,
        0.03023757388,
        0.030676824880000002,
        0.029838282879999997,
        0.030196157879999998,
        0.03123449088,
        0.029642990879999997,
        0.03109907488,
        0.030653656879999998,
        0.029836990879999997,
        0.03085536588,
        0.03029599088,
        0.030157823880000004,
        0.029821740880000003,
        0.02995119988,
        0.030009699879999997,
        0.02981594888,
        0.030071948879999998,
        0.029659907880000003,
        0.02941807488,
        0.030044782880000002,
        0.02945336588,
        0.02983694888,
        0.030116323880000004,
        0.030105907879999998,
        0.02964857488,
        0.02973449088,
        0.029804323879999997,
        0.029692365880000002,
        0.03054224088,
        0.029664073880000003,
        0.02977253288,
        0.03072044888,
        0.02975228288,
        0.029745740880000003,
        0.029994907879999998,
        0.02954957388,
        0.02965711588,
        0.030977074880000004,
        0.03061832488
      ],
      "memory_usage_byte": [
        21069824,
        21069824,
        21069824,
        21069824,
        21069824,
        21069824,
        21069824,
        21069824,
        21069824,
        21069824,
        21069824,
        21069824,
        21069824,
        21069824,
        21069824,
        21069824,
        21069824,
        21069824,
        21069824,
        21069824,
        21069824,
        21069824,
        21069824,
        21069824,
        21069824,
        21069824,
        21069824,
        21069824,
        21069824,
        21069824,
        21069824,
        21069824,
        21069824,
        21069824,
        21069824,
        21069824,
        21069824,
        21069824,
        21069824,
        21069824,
        21069824,
        21069824,
        21069824,
        21069824,
        21069824,
        21069824,
        21069824,
        21069824,
        21069824,
        21069824,
        21069824,
        21069824,
        21069824,
        21069824,
        21069824,
        21069824,
        21069824,
        21069824,
        21069824,
        21069824,
        21069824,
        21069824,
        21069824,
        21069824,
        21069824,
        21069824,
        21069824,
        21069824,
        21069824,
        21069824,
        21069824,
        21069824,
        21069824,
        21069824,
        21069824,
        21069824,
        21069824,
        21069824,
        21069824,
        21069824,
        21069824,
        21069824,
        21069824
      ],
      "exit_codes": [
        0,
        0,
        0,
        0,
        0,
        0,
        0,
        0,
        0,
        0,
        0,
        0,
        0,
        0,
        0,
        0,
        0,
        0,
        0,
        0,
        0,
        0,
        0,
        0,
        0,
        0,
        0,
        0,
        0,
        0,
        0,
        0,
        0,
        0,
        0,
        0,
        0,
        0,
        0,
        0,
        0,
        0,
        0,
        0,
        0,
        0,
        0,
        0,
        0,
        0,
        0,
        0,
        0,
        0,
        0,
        0,
        0,
        0,
        0,
        0,
        0,
        0,
        0,
        0,
        0,
        0,
        0,
        0,
        0,
        0,
        0,
        0,
        0,
        0,
        0,
        0,
        0,
        0,
        0,
        0,
        0,
        0,
        0
      ]
    },
    {
      "command": "optim",
      "mean": 0.03009165334067415,
      "stddev": 0.002841784157611076,
      "median": 0.02957107488,
      "user": 0.027603597078651673,
      "system": 0.0017436458426966287,
      "min": 0.02876428288,
      "max": 0.05486599088,